Index,ConditionID,Type,Values,TableType
Index,int,int,int[],int
流水號,條件編號,條件類型,條件值1,索引類型
1,101,1,0;1,0
2,102,1,0;2,0
3,103,1,0;3,0
4,104,1,0;4,0
5,105,1,0;5,0
6,106,1,0;6,0
7,107,1,0;7,0
8,108,1,0;8,0
9,109,1,0;9,0
10,110,1,0;10,0
11,111,1,0;11,0
12,112,1,0;12,0
13,113,1,0;13,0
14,114,1,0;14,0
15,115,1,0;15,0
16,116,1,0;16,0
17,117,1,0;17,0
18,118,1,0;18,0
19,119,1,0;19,0
20,120,1,0;20,0
21,121,1,0;21,0
22,122,1,0;22,0
23,123,1,0;23,0
24,124,1,0;24,0
25,125,1,0;25,0
26,126,2,0;16000,0
27,127,2,0;25000,0
28,128,2,0;40000,0
29,129,2,0;60000,0
30,130,2,0;90000,0
31,131,2,0;135000,0
32,132,2,0;202000,0
33,133,2,0;303000,0
34,134,2,0;454000,0
35,135,2,0;200000,0
36,594,2,0;280000,1
37,595,2,0;390000,2
38,596,2,0;540000,3
39,597,2,0;750000,4
40,598,2,0;1050000,5
41,599,2,0;1450000,6
42,600,2,0;1850000,7
43,601,2,0;2400000,8
44,602,2,0;3100000,9
45,603,2,0;4000000,10
46,604,2,0;5200000,11
47,605,2,0;6750000,12
48,606,2,0;8750000,13
49,607,2,0;11000000,14
50,608,2,0;14000000,15
51,609,2,0;18000000,16
52,610,2,0;23000000,17
53,611,2,0;29500000,18
54,612,2,0;38000000,19
55,613,2,0;49000000,20
56,136,3,0;20000,0
57,137,3,0;30000,0
58,138,3,0;40000,0
59,139,3,0;50000,0
60,140,3,0;60000,0
61,141,3,0;70000,0
62,142,3,0;80000,0
63,143,3,0;90000,0
64,144,3,0;100000,0
65,145,3,0;110000,0
66,614,3,0;120000,0
67,615,3,0;130000,0
68,616,3,0;140000,0
69,617,3,0;150000,0
70,618,3,0;160000,0
71,619,3,0;170000,0
72,620,3,0;180000,0
73,621,3,0;190000,0
74,622,3,0;200000,0
75,623,3,0;210000,0
76,146,4,0;20000,0
77,147,4,0;50000,0
78,148,4,0;90000,0
79,149,4,0;150000,0
80,150,4,0;250000,0
81,151,4,0;500000,0
82,152,4,0;1000000,0
83,153,4,0;1500000,0
84,154,4,0;2000000,0
85,155,4,0;2500000,0
86,624,4,0;3000000,0
87,625,4,0;3500000,0
88,626,4,0;4000000,0
89,627,4,0;4500000,0
90,628,4,0;5000000,0
91,629,4,0;5500000,0
92,630,4,0;6000000,0
93,631,4,0;6500000,0
94,632,4,0;7000000,0
95,633,4,0;7500000,0
96,156,5,0;1500,0
97,157,5,0;2500,0
98,158,5,0;4000,0
99,159,5,0;6000,0
100,160,5,0;9000,0
101,161,5,0;13000,0
102,162,5,0;20000,0
103,163,5,0;30000,0
104,164,5,0;45000,0
105,165,5,0;66000,0
106,634,5,0;93000,0
107,635,5,0;130000,0
108,636,5,0;180000,0
109,637,5,0;250000,0
110,638,5,0;350000,0
111,639,5,0;480000,0
112,640,5,0;610000,0
113,641,5,0;800000,0
114,642,5,0;1030000,0
115,643,5,0;1330000,0
116,166,6,0;1500,0
117,167,6,0;2500,0
118,168,6,0;4000,0
119,169,6,0;6000,0
120,170,6,0;9000,0
121,171,6,0;13000,0
122,172,6,0;20000,0
123,173,6,0;30000,0
124,174,6,0;45000,0
125,175,6,0;66000,0
126,644,6,0;93000,0
127,645,6,0;130000,0
128,646,6,0;180000,0
129,647,6,0;250000,0
130,648,6,0;350000,0
131,649,6,0;480000,0
132,650,6,0;600000,0
133,651,6,0;800000,0
134,652,6,0;1000000,0
135,653,6,0;1300000,0
136,654,6,0;1700000,0
137,655,6,0;2200000,0
138,656,6,0;2900000,0
139,657,6,0;3600000,0
140,658,6,0;4600000,0
141,659,6,0;6000000,0
142,660,6,0;7600000,0
143,661,6,0;9800000,0
144,662,6,0;12600000,0
145,663,6,0;16300000,0
146,176,7,0;5000,0
147,177,7,0;10000,0
148,178,7,0;15000,0
149,179,7,0;20000,0
150,180,7,0;50000,0
151,181,7,0;100000,0
152,182,7,0;200000,0
153,183,7,0;300000,0
154,184,7,0;500000,0
155,185,7,0;700000,0
156,664,7,0;900000,0
157,665,7,0;1100000,0
158,666,7,0;1300000,0
159,667,7,0;1500000,0
160,668,7,0;1700000,0
161,669,7,0;1900000,0
162,670,7,0;2100000,0
163,671,7,0;2300000,0
164,672,7,0;2500000,0
165,673,7,0;2700000,0
166,186,8,1;1,0
167,187,8,2;1,0
168,188,8,3;1,0
169,189,8,4;1,0
170,190,8,5;1,0
171,191,8,6;1,0
172,192,8,7;1,0
173,193,8,8;1,0
174,194,8,9;1,0
175,195,8,10;1,0
176,674,8,11;1,0
177,675,8,12;1,0
178,676,8,13;1,0
179,677,8,14;1,0
180,678,8,15;1,0
181,679,8,16;1,0
182,680,8,17;1,0
183,681,8,18;1,0
184,682,8,19;1,0
185,683,8,20;1,0
186,684,8,21;1,0
187,685,8,22;1,0
188,686,8,23;1,0
189,687,8,24;1,0
190,688,8,25;1,0
191,689,8,26;1,0
192,690,8,27;1,0
193,691,8,28;1,0
194,692,8,29;1,0
195,693,8,30;1,0
196,196,8,1;3,0
197,197,8,2;3,0
198,198,8,3;3,0
199,199,8,4;3,0
200,200,8,5;3,0
201,201,8,6;3,0
202,202,8,7;3,0
203,203,8,8;3,0
204,204,8,9;3,0
205,205,8,10;3,0
206,694,8,11;3,0
207,695,8,12;3,0
208,696,8,13;3,0
209,697,8,14;3,0
210,698,8,15;3,0
211,699,8,16;3,0
212,700,8,17;3,0
213,701,8,18;3,0
214,702,8,19;3,0
215,703,8,20;3,0
216,704,8,21;3,0
217,705,8,22;3,0
218,706,8,23;3,0
219,707,8,24;3,0
220,708,8,25;3,0
221,709,8,26;3,0
222,710,8,27;3,0
223,711,8,28;3,0
224,712,8,29;3,0
225,713,8,30;3,0
226,206,8,0;10,0
227,207,8,0;30,0
228,208,8,0;60,0
229,209,8,0;100,0
230,210,8,0;150,0
231,211,8,0;200,0
232,212,8,0;250,0
233,213,8,0;300,0
234,214,8,0;400,0
235,215,8,0;500,0
236,714,8,0;600,0
237,715,8,0;700,0
238,716,8,0;800,0
239,717,8,0;900,0
240,718,8,0;1000,0
241,719,8,0;1100,0
242,720,8,0;1200,0
243,721,8,0;1300,0
244,722,8,0;1400,0
245,723,8,0;1500,0
246,216,10,2402;1000,1
247,217,10,2412;1000,1
248,218,10,2403;1000,1
249,219,10,2413;1000,1
250,220,10,2404;1000,1
251,221,10,2414;1000,1
252,222,10,2424;1000,1
253,223,10,2405;1000,1
254,224,10,2415;1000,1
255,225,10,2425;1000,1
256,226,10,2202;1000,1
257,227,10,2212;1000,1
258,228,10,2203;1000,1
259,229,10,2213;1000,1
260,230,10,2204;1000,1
261,231,10,2214;1000,1
262,232,10,2224;1000,1
263,233,10,2205;1000,1
264,234,10,2215;1000,1
265,235,10,2225;1000,1
266,236,10,2302;1000,1
267,237,10,2312;1000,1
268,238,10,2303;1000,1
269,239,10,2313;1000,1
270,240,10,2304;1000,1
271,241,10,2314;1000,1
272,242,10,2324;1000,1
273,243,10,2305;1000,1
274,244,10,2315;1000,1
275,245,10,2325;1000,1
276,246,11,4;500,0
277,247,11,4;1100,0
278,248,11,4;2000,0
279,249,11,4;4000,0
280,250,11,4;7000,0
281,724,11,4;10000,0
282,725,11,4;15000,0
283,726,11,4;20000,0
284,727,11,4;25000,0
285,728,11,4;30000,0
286,729,11,4;35000,0
287,730,11,4;40000,0
288,731,11,4;45000,0
289,732,11,4;50000,0
290,733,11,4;55000,0
291,734,11,4;60000,0
292,735,11,4;65000,0
293,736,11,4;70000,0
294,737,11,4;75000,0
295,738,11,4;80000,0
296,251,11,2;500,0
297,252,11,2;1100,0
298,253,11,2;2000,0
299,254,11,2;4000,0
300,255,11,2;7000,0
301,739,11,2;10000,0
302,740,11,2;15000,0
303,741,11,2;20000,0
304,742,11,2;25000,0
305,743,11,2;30000,0
306,744,11,2;35000,0
307,745,11,2;40000,0
308,746,11,2;45000,0
309,747,11,2;50000,0
310,748,11,2;55000,0
311,749,11,2;60000,0
312,750,11,2;65000,0
313,751,11,2;70000,0
314,752,11,2;75000,0
315,753,11,2;80000,0
316,256,11,3;500,0
317,257,11,3;1100,0
318,258,11,3;2000,0
319,259,11,3;4000,0
320,260,11,3;7000,0
321,754,11,3;10000,0
322,755,11,3;15000,0
323,756,11,3;20000,0
324,757,11,3;25000,0
325,758,11,3;30000,0
326,759,11,3;35000,0
327,760,11,3;40000,0
328,761,11,3;45000,0
329,762,11,3;50000,0
330,763,11,3;55000,0
331,764,11,3;60000,0
332,765,11,3;65000,0
333,766,11,3;70000,0
334,767,11,3;75000,0
335,768,11,3;80000,0
336,261,10,0;2000,0
337,262,10,0;4400,0
338,263,10,0;8000,0
339,264,10,0;16000,0
340,265,10,0;28000,0
341,266,10,0;40000,0
342,267,10,0;60000,0
343,268,10,0;80000,0
344,269,10,0;100000,0
345,769,10,0;120000,0
346,770,10,0;140000,0
347,771,10,0;160000,0
348,772,10,0;180000,0
349,773,10,0;200000,0
350,774,10,0;220000,0
351,775,10,0;240000,0
352,776,10,0;260000,0
353,777,10,0;280000,0
354,778,10,0;300000,0
355,779,10,0;320000,0
356,780,10,0;340000,0
357,781,10,0;360000,0
358,782,10,0;380000,0
359,783,10,0;400000,0
360,784,10,0;420000,0
361,785,10,0;440000,0
362,786,10,0;460000,0
363,787,10,0;480000,0
364,788,10,0;500000,0
365,789,10,0;520000,0
366,270,12,2402;100,1
367,271,12,2202;100,1
368,272,12,2302;100,1
369,273,12,0;1000,0
370,274,12,0;2000,0
371,275,12,0;4000,0
372,276,12,0;7000,0
373,277,12,0;10000,0
374,278,12,0;15000,0
375,279,12,0;20000,0
376,280,12,0;25000,0
377,281,12,0;30000,0
378,282,12,0;35000,0
379,283,13,0;300,0
380,284,13,0;1000,0
381,285,13,0;3000,0
382,286,13,0;7000,0
383,287,13,0;12000,0
384,288,13,0;20000,0
385,289,13,0;30000,0
386,290,13,0;40000,0
387,291,13,0;50000,0
388,292,13,0;60000,0
389,293,13,0;70000,0
390,294,13,0;90000,0
391,295,13,0;110000,0
392,296,13,0;130000,0
393,297,13,0;150000,0
394,298,13,0;170000,0
395,299,13,0;190000,0
396,300,13,0;210000,0
397,301,13,0;230000,0
398,302,13,0;250000,0
399,303,14,0;8,0
400,304,14,0;12,0
401,305,14,0;16,0
402,306,14,0;20,0
403,307,14,0;40,0
404,308,14,0;70,0
405,309,14,0;100,0
406,310,14,0;150,0
407,311,14,0;200,0
408,312,14,0;300,0
409,313,14,0;400,0
410,314,14,0;500,0
411,315,14,0;700,0
412,316,14,0;900,0
413,317,14,0;1100,0
414,318,14,0;1300,0
415,319,14,0;1500,0
416,320,14,0;1700,0
417,321,14,0;1900,0
418,322,14,0;2100,0
419,323,15,0;8,0
420,324,15,0;12,0
421,325,15,0;16,0
422,326,15,0;20,0
423,327,15,0;30,0
424,328,15,0;50,0
425,329,15,0;70,0
426,330,15,0;100,0
427,331,15,0;130,0
428,332,15,0;160,0
429,333,15,0;200,0
430,334,15,0;250,0
431,335,15,0;300,0
432,336,15,0;400,0
433,337,15,0;500,0
434,338,15,0;600,0
435,339,15,0;700,0
436,340,15,0;800,0
437,341,15,0;900,0
438,342,15,0;1000,0
439,343,16,0;2,0
440,344,16,0;4,0
441,345,16,0;10,0
442,346,16,0;20,0
443,347,16,0;30,0
444,348,16,0;50,0
445,349,16,0;70,0
446,350,16,0;100,0
447,351,16,0;130,0
448,352,16,0;160,0
449,353,16,0;200,0
450,354,16,0;250,0
451,355,16,0;300,0
452,356,16,0;400,0
453,357,16,0;500,0
454,358,16,0;600,0
455,359,16,0;700,0
456,360,16,0;800,0
457,361,16,0;900,0
458,362,16,0;1000,0
459,363,17,1;1,0
460,364,17,2;1,0
461,365,17,3;1,0
462,366,17,4;1,0
463,367,17,5;1,0
464,368,17,6;1,0
465,369,17,7;1,0
466,370,17,8;1,0
467,371,17,9;1,0
468,372,17,10;1,0
469,790,17,11;1,0
470,791,17,12;1,0
471,792,17,13;1,0
472,793,17,14;1,0
473,794,17,15;1,0
474,795,17,1;10,0
475,796,17,2;10,0
476,797,17,3;10,0
477,798,17,4;10,0
478,799,17,5;10,0
479,800,17,6;10,0
480,801,17,7;10,0
481,802,17,8;10,0
482,803,17,9;10,0
483,804,17,10;10,0
484,805,17,11;10,0
485,806,17,12;10,0
486,807,17,13;10,0
487,808,17,14;10,0
488,809,17,15;10,0
489,810,17,1;50,0
490,811,17,2;50,0
491,812,17,3;50,0
492,813,17,4;50,0
493,814,17,5;50,0
494,815,17,6;50,0
495,816,17,7;50,0
496,817,17,8;50,0
497,818,17,9;50,0
498,819,17,10;50,0
499,820,17,11;50,0
500,821,17,12;50,0
501,822,17,13;50,0
502,823,17,14;50,0
503,824,17,15;50,0
504,373,22,0;1,0
505,374,23,0;1,0
506,375,24,0;50,0
507,376,24,0;500,0
508,377,24,0;1000,0
509,378,24,0;3000,0
510,379,24,0;6000,0
511,380,24,0;10000,0
512,381,24,0;20000,0
513,382,24,0;40000,0
514,383,24,0;80000,0
515,384,24,0;120000,0
516,385,25,4;20,0
517,386,25,4;200,0
518,387,25,4;400,0
519,388,25,4;1200,0
520,389,25,4;2400,0
521,825,25,4;4000,0
522,826,25,4;8000,0
523,827,25,4;16000,0
524,828,25,4;32000,0
525,829,25,4;48000,0
526,390,25,2;20,0
527,391,25,2;200,0
528,392,25,2;400,0
529,393,25,2;1200,0
530,394,25,2;2400,0
531,830,25,2;4000,0
532,831,25,2;8000,0
533,832,25,2;16000,0
534,833,25,2;32000,0
535,834,25,2;48000,0
536,395,25,3;20,0
537,396,25,3;200,0
538,397,25,3;400,0
539,398,25,3;1200,0
540,399,25,3;2400,0
541,835,25,3;4000,0
542,836,25,3;8000,0
543,837,25,3;16000,0
544,838,25,3;32000,0
545,839,25,3;48000,0
546,400,26,6;1800,2
547,401,26,6;3000,2
548,402,26,6;6000,2
549,403,26,6;12000,2
550,404,27,6;1000,2
551,405,27,6;10000,2
552,406,27,6;30000,2
553,407,27,6;60000,2
554,408,27,6;100000,2
555,409,27,6;200000,2
556,410,27,6;400000,2
557,411,27,6;800000,2
558,412,27,6;1600000,2
559,413,27,6;3200000,2
560,840,27,6;6400000,2
561,841,27,6;12800000,2
562,842,27,6;25600000,2
563,843,27,6;51200000,2
564,844,27,6;102400000,2
565,845,27,6;204800000,2
566,846,27,6;409600000,2
567,847,27,6;819200000,2
568,848,27,6;1638400000,2
569,849,27,6;99999999,2
570,414,27,7;1000,2
571,415,27,7;10000,2
572,416,27,7;30000,2
573,417,27,7;60000,2
574,418,27,7;100000,2
575,419,27,7;200000,2
576,420,27,7;400000,2
577,421,27,7;800000,2
578,422,27,7;1600000,2
579,423,27,7;3200000,2
580,850,27,7;6400000,2
581,851,27,7;12800000,2
582,852,27,7;25600000,2
583,853,27,7;51200000,2
584,854,27,7;102400000,2
585,855,27,7;204800000,2
586,856,27,7;409600000,2
587,857,27,7;819200000,2
588,858,27,7;1638400000,2
589,859,27,7;99999999,2
590,424,27,8;750,2
591,425,27,8;7500,2
592,426,27,8;22500,2
593,427,27,8;45000,2
594,428,27,8;75000,2
595,429,27,8;150000,2
596,430,27,8;300000,2
597,431,27,8;600000,2
598,432,27,8;1200000,2
599,433,27,8;2400000,2
600,860,27,8;4800000,2
601,861,27,8;9600000,2
602,862,27,8;19200000,2
603,863,27,8;38400000,2
604,864,27,8;76800000,2
605,865,27,8;153600000,2
606,866,27,8;307200000,2
607,867,27,8;614400000,2
608,868,27,8;1228800000,2
609,869,27,8;99999999,2
610,434,27,9;500,2
611,435,27,9;5000,2
612,436,27,9;15000,2
613,437,27,9;30000,2
614,438,27,9;50000,2
615,439,27,9;100000,2
616,440,27,9;200000,2
617,441,27,9;400000,2
618,442,27,9;800000,2
619,443,27,9;1600000,2
620,870,27,9;3200000,2
621,871,27,9;6400000,2
622,872,27,9;12800000,2
623,873,27,9;25600000,2
624,874,27,9;51200000,2
625,875,27,9;102400000,2
626,876,27,9;204800000,2
627,877,27,9;409600000,2
628,878,27,9;819200000,2
629,879,27,9;1638400000,2
630,444,27,0;2500,0
631,445,27,0;25000,0
632,446,27,0;75000,0
633,447,27,0;150000,0
634,448,27,0;250000,0
635,449,27,0;500000,0
636,450,27,0;1000000,0
637,451,27,0;2000000,0
638,452,27,0;4000000,0
639,453,27,0;8000000,0
640,880,27,0;16000000,0
641,881,27,0;32000000,0
642,882,27,0;64000000,0
643,883,27,0;128000000,0
644,884,27,0;256000000,0
645,885,27,0;512000000,0
646,886,27,0;1024000000,0
647,887,27,0;99999999,0
648,888,27,0;99999999,0
649,889,27,0;99999999,0
650,890,27,0;99999999,0
651,891,27,0;99999999,0
652,892,27,0;99999999,0
653,893,27,0;99999999,0
654,894,27,0;99999999,0
655,895,27,0;99999999,0
656,896,27,0;99999999,0
657,897,27,0;99999999,0
658,898,27,0;99999999,0
659,899,27,0;99999999,0
660,454,34,2;1,0
661,455,34,3;1,0
662,456,34,4;1,0
663,457,34,5;1,0
664,458,34,6;1,0
665,459,34,7;1,0
666,460,34,8;1,0
667,461,34,9;1,0
668,462,34,10;1,0
669,463,34,11;1,0
670,464,34,12;1,0
671,465,34,13;1,0
672,466,34,14;1,0
673,467,34,15;1,0
674,468,34,16;1,0
675,469,34,17;1,0
676,470,34,18;1,0
677,471,34,19;1,0
678,472,34,20;1,0
679,473,34,21;1,0
680,474,34,22;1,0
681,475,34,23;1,0
682,476,34,24;1,0
683,477,34,25;1,0
684,478,34,26;1,0
685,479,34,27;1,0
686,480,34,28;1,0
687,481,34,29;1,0
688,482,34,30;1,0
689,483,34,31;1,0
690,484,34,32;1,0
691,485,34,33;1,0
692,486,34,34;1,0
693,487,34,35;1,0
694,488,34,36;1,0
695,489,34,37;1,0
696,490,34,38;1,0
697,491,34,39;1,0
698,492,34,40;1,0
699,493,34,41;1,0
700,494,34,42;1,0
701,495,34,43;1,0
702,496,34,44;1,0
703,497,34,45;1,0
704,498,34,46;1,0
705,499,34,47;1,0
706,500,34,48;1,0
707,501,34,49;1,0
708,502,34,50;1,0
709,503,34,51;1,0
710,504,34,52;1,0
711,505,34,53;1,0
712,506,34,54;1,0
713,507,34,55;1,0
714,508,34,56;1,0
715,509,34,57;1,0
716,510,34,58;1,0
717,511,34,59;1,0
718,512,34,60;1,0
719,900,34,5;3,0
720,901,34,10;3,0
721,902,34,15;3,0
722,903,34,20;3,0
723,904,34,25;3,0
724,905,34,30;3,0
725,906,34,35;3,0
726,907,34,40;3,0
727,908,34,45;3,0
728,909,34,50;3,0
729,910,34,55;3,0
730,911,34,60;3,0
731,912,34,10;10,0
732,913,34,20;10,0
733,914,34,30;10,0
734,915,34,40;10,0
735,916,34,50;10,0
736,513,55,1;4,0
737,514,55,1;6,0
738,515,55,1;8,0
739,516,55,1;10,0
740,517,55,1;12,0
741,518,55,1;15,0
742,519,55,1;18,0
743,520,55,1;21,0
744,521,55,1;24,0
745,522,55,1;27,0
746,917,55,1;30,0
747,918,55,1;35,0
748,919,55,1;40,0
749,920,55,1;45,0
750,921,55,1;50,0
751,922,55,1;55,0
752,923,55,1;60,0
753,924,55,1;65,0
754,925,55,1;70,0
755,926,55,1;75,0
756,927,55,1;80,0
757,928,55,1;85,0
758,929,55,1;90,0
759,930,55,1;95,0
760,931,55,1;100,0
761,932,55,1;105,0
762,933,55,1;110,0
763,934,55,1;115,0
764,935,55,1;120,0
765,936,55,1;125,0
766,523,55,2;4,0
767,524,55,2;6,0
768,525,55,2;8,0
769,526,55,2;10,0
770,527,55,2;12,0
771,528,55,2;15,0
772,529,55,2;18,0
773,530,55,2;21,0
774,531,55,2;24,0
775,532,55,2;27,0
776,937,55,2;30,0
777,938,55,2;35,0
778,939,55,2;40,0
779,940,55,2;45,0
780,941,55,2;50,0
781,942,55,2;55,0
782,943,55,2;60,0
783,944,55,2;65,0
784,945,55,2;70,0
785,946,55,2;75,0
786,947,55,2;80,0
787,948,55,2;85,0
788,949,55,2;90,0
789,950,55,2;95,0
790,951,55,2;100,0
791,952,55,2;105,0
792,953,55,2;110,0
793,954,55,2;115,0
794,955,55,2;120,0
795,956,55,2;125,0
796,533,55,3;4,0
797,534,55,3;6,0
798,535,55,3;8,0
799,536,55,3;10,0
800,537,55,3;12,0
801,538,55,3;15,0
802,539,55,3;18,0
803,540,55,3;21,0
804,541,55,3;24,0
805,542,55,3;27,0
806,957,55,3;30,0
807,958,55,3;35,0
808,959,55,3;40,0
809,960,55,3;45,0
810,961,55,3;50,0
811,962,55,3;55,0
812,963,55,3;60,0
813,964,55,3;65,0
814,965,55,3;70,0
815,966,55,3;75,0
816,967,55,3;80,0
817,968,55,3;85,0
818,969,55,3;90,0
819,970,55,3;95,0
820,971,55,3;100,0
821,972,55,3;105,0
822,973,55,3;110,0
823,974,55,3;115,0
824,975,55,3;120,0
825,976,55,3;125,0
826,543,55,4;4,0
827,544,55,4;6,0
828,545,55,4;8,0
829,546,55,4;10,0
830,547,55,4;12,0
831,548,55,4;15,0
832,549,55,4;18,0
833,550,55,4;21,0
834,551,55,4;24,0
835,552,55,4;27,0
836,977,55,4;30,0
837,978,55,4;35,0
838,979,55,4;40,0
839,980,55,4;45,0
840,981,55,4;50,0
841,982,55,4;55,0
842,983,55,4;60,0
843,984,55,4;65,0
844,985,55,4;70,0
845,986,55,4;75,0
846,987,55,4;80,0
847,988,55,4;85,0
848,989,55,4;90,0
849,990,55,4;95,0
850,991,55,4;100,0
851,992,55,4;105,0
852,993,55,4;110,0
853,994,55,4;115,0
854,995,55,4;120,0
855,996,55,4;125,0
856,553,46,0;0,0
857,554,56,1;2,0
858,555,56,1;4,0
859,556,56,1;10,0
860,557,56,1;17,0
861,558,56,1;25,0
862,559,56,1;40,0
863,560,56,1;60,0
864,561,56,1;90,0
865,562,56,1;120,0
866,563,56,1;160,0
867,997,56,1;200,0
868,998,56,1;250,0
869,999,56,1;300,0
870,1000,56,1;400,0
871,1001,56,1;500,0
872,1002,56,1;600,0
873,1003,56,1;700,0
874,1004,56,1;800,0
875,1005,56,1;900,0
876,1006,56,1;1000,0
877,1007,56,1;1200,0
878,1008,56,1;1400,0
879,1009,56,1;1600,0
880,1010,56,1;1800,0
881,1011,56,1;2000,0
882,1012,56,1;2200,0
883,1013,56,1;2400,0
884,1014,56,1;2600,0
885,1015,56,1;2800,0
886,1016,56,1;3000,0
887,564,56,2;2,0
888,565,56,2;4,0
889,566,56,2;10,0
890,567,56,2;17,0
891,568,56,2;25,0
892,569,56,2;40,0
893,570,56,2;60,0
894,571,56,2;90,0
895,572,56,2;120,0
896,573,56,2;160,0
897,1017,56,2;200,0
898,1018,56,2;250,0
899,1019,56,2;300,0
900,1020,56,2;400,0
901,1021,56,2;500,0
902,1022,56,2;600,0
903,1023,56,2;700,0
904,1024,56,2;800,0
905,1025,56,2;900,0
906,1026,56,2;1000,0
907,1027,56,2;1200,0
908,1028,56,2;1400,0
909,1029,56,2;1600,0
910,1030,56,2;1800,0
911,1031,56,2;2000,0
912,1032,56,2;2200,0
913,1033,56,2;2400,0
914,1034,56,2;2600,0
915,1035,56,2;2800,0
916,1036,56,2;3000,0
917,574,56,3;2,0
918,575,56,3;4,0
919,576,56,3;10,0
920,577,56,3;17,0
921,578,56,3;25,0
922,579,56,3;40,0
923,580,56,3;60,0
924,581,56,3;90,0
925,582,56,3;120,0
926,583,56,3;160,0
927,1037,56,3;200,0
928,1038,56,3;250,0
929,1039,56,3;300,0
930,1040,56,3;400,0
931,1041,56,3;500,0
932,1042,56,3;600,0
933,1043,56,3;700,0
934,1044,56,3;800,0
935,1045,56,3;900,0
936,1046,56,3;1000,0
937,1047,56,3;1200,0
938,1048,56,3;1400,0
939,1049,56,3;1600,0
940,1050,56,3;1800,0
941,1051,56,3;2000,0
942,1052,56,3;2200,0
943,1053,56,3;2400,0
944,1054,56,3;2600,0
945,1055,56,3;2800,0
946,1056,56,3;3000,0
947,584,56,4;2,0
948,585,56,4;4,0
949,586,56,4;10,0
950,587,56,4;17,0
951,588,56,4;25,0
952,589,56,4;40,0
953,590,56,4;60,0
954,591,56,4;90,0
955,592,56,4;120,0
956,593,56,4;160,0
957,1057,56,4;200,0
958,1058,56,4;250,0
959,1059,56,4;300,0
960,1060,56,4;400,0
961,1061,56,4;500,0
962,1062,56,4;600,0
963,1063,56,4;700,0
964,1064,56,4;800,0
965,1065,56,4;900,0
966,1066,56,4;1000,0
967,1067,56,4;1200,0
968,1068,56,4;1400,0
969,1069,56,4;1600,0
970,1070,56,4;1800,0
971,1071,56,4;2000,0
972,1072,56,4;2200,0
973,1073,56,4;2400,0
974,1074,56,4;2600,0
975,1075,56,4;2800,0
976,1076,56,4;3000,0
977,1077,13,0;40,0
978,1078,14,0;1,0
979,1079,15,0;1,0
980,1080,24,0;1,0
981,1081,16,0;1,0
982,1082,8,1;1,0
983,1083,1,0;2,0
984,1084,13,0;100,0
985,1085,55,1;2,0
986,1086,59,1001;1,5
987,1087,11,4;20,0
988,1088,8,2;1,0
989,1089,55,1;3,0
990,1090,59,1003;1,5
991,1091,1,0;3,0
992,1092,13,0;200,0
993,1093,59,1002;1,5
994,1094,11,3;20,0
995,1095,8,3;1,0
996,1096,59,1007;1,5
997,1097,55,2;2,0
998,1098,59,2001;1,5
999,1099,17,1;1,0
1000,1100,59,2002;1,5
1001,1101,59,2003;1,5
1002,1102,1,0;4,0
1003,1103,55,3;2,0
1004,1104,59,3001;1,5
1005,1105,15,0;2,0
1006,1106,16,0;2,0
1007,1107,59,1004;1,5
1008,1108,11,2;20,0
1009,1109,8,4;1,0
1010,1110,59,3002;1,5
1011,1111,59,3003;1,5
1012,1112,59,2004;1,5
1013,1113,59,2005;1,5
1014,1114,1,0;5,0
1015,1115,55,4;2,0
1016,1116,59,4001;1,5
1017,1117,59,4002;1,5
1018,1118,8,5;1,0
1019,1119,59,4003;1,5
1020,1120,59,3005;1,5
1021,1121,59,3006;1,5
1022,1122,59,3004;1,5
1023,1123,1,0;6,0
1024,1124,59,4004;1,5
1025,1125,59,4005;1,5
1026,1126,15,0;3,0
1027,1127,16,0;3,0
1028,1128,8,6;1,0
1029,1129,59,4006;1,5
1030,1130,1,0;7,0
1031,1131,59,1006;1,5
1032,1132,10,2402;20,1
1033,1133,8,7;1,0
1034,1134,59,3011;1,5
1035,1135,59,2008;1,5
1036,1136,59,1009;1,5
1037,1137,1,0;8,0
1038,1138,59,1005;1,5
1039,1139,10,2302;20,1
1040,1140,8,8;1,0
1041,1141,59,3009;1,5
1042,1142,59,3008;1,5
1043,1143,59,4007;1,5
1044,1144,1,0;9,0
1045,1145,59,1008;1,5
1046,1146,10,2202;20,1
1047,1147,8,9;1,0
1048,1148,59,1010;1,5
1049,1149,59,4010;1,5
1050,1150,1,0;10,0
1051,1151,59,3013;1,5
1052,1152,59,2011;1,5
1053,1153,15,0;6,0
1054,1154,16,0;4,0
1055,1155,8,10;1,0
1056,1156,1,0;11,0
1057,1157,11,4;600,0
1058,1158,11,3;600,0
1059,1159,11,2;600,0
1060,1160,59,3017;1,5
1061,1161,8,11;1,0
1062,1162,1,0;12,0
1063,1163,55,1;20,0
1064,1164,55,2;20,0
1065,1165,59,2012;1,5
1066,1166,59,2016;1,5
1067,1167,8,12;1,0
1068,1168,1,0;13,0
1069,1169,15,0;10,0
1070,1170,16,0;5,0
1071,1171,8,13;1,0
1072,1172,1,0;14,0
1073,1173,55,3;20,0
1074,1174,55,4;20,0
1075,1175,8,14;1,0
1076,1176,1,0;15,0
1077,20001,13,0;500,0
1078,20002,13,0;2000,0
1079,20003,13,0;5000,0
1080,20004,14,0;5,0
1081,20005,14,0;15,0
1082,20006,14,0;50,0
1083,20007,1015,0;5,0
1084,20008,1015,0;15,0
1085,20009,1015,5;1,0
1086,20010,1016,0;5,0
1087,20011,1016,0;10,0
1088,20012,1017,0;3,0
1089,20013,1017,0;8,0
1090,20014,1017,0;20,0
1091,20015,1017,5;3,0
1092,20016,55,1;5,0
1093,20017,55,1;20,0
1094,20018,55,3;5,0
1095,20019,55,3;20,0
1096,20020,1056,2;5,0
1097,20021,1056,2;15,0
1098,20022,1056,4;5,0
1099,20023,1056,4;15,0
1100,20024,1058,0;1,0
1101,20025,1058,0;2,0
1102,20026,1058,0;3,0
1103,20027,1,0;3,0
1104,20028,1,0;6,0
1105,20029,1,0;9,0
1106,20030,1,0;12,0
1107,20031,1035,0;9000,0
1108,20032,1035,0;30000,0
1109,20033,1035,0;90000,0
1110,20034,1027,0;200000,0
1111,20035,1027,0;600000,0
1112,20036,1027,0;1500000,0
1113,20037,1027,6;300000,0
1114,20038,1027,7;300000,0
1115,20039,1027,8;200000,0
1116,20040,34,0;2,0
1117,20041,34,0;5,0
1118,20042,32,0;10,0
1119,20043,34,10;3,0
1120,20044,34,20;2,0
1121,20045,1011,4;100,0
1122,20046,1011,4;300,0
1123,20047,1011,4;1000,0
1124,20048,1011,2;100,0
1125,20049,1011,2;300,0
1126,20050,1011,2;1000,0
1127,20051,1011,3;100,0
1128,20052,1011,3;300,0
1129,20053,1011,3;1000,0
1130,20054,1012,0;1000,0
1131,20055,1008,0;10,0
1132,20056,1008,0;30,0
1133,20057,1008,0;100,0
1134,20058,1008,8;1,0
1135,20059,1009,0;1,0
1136,20060,1009,0;3,0
1137,30001,59,0;1,0
1138,30002,59,1008;1,0
1139,30003,59,1011;1,0
1140,30004,59,1019;1,0
1141,30005,59,1023;1,0
1142,30006,59,0;1,0
1143,30007,59,0;1,0
1144,30008,59,0;1,0
1145,30009,59,0;1,0
1146,30010,59,0;1,0
1147,30011,59,0;1,0
1148,30012,59,0;1,0
1149,30013,59,1005;1,0
1150,30014,59,1012;1,0
1151,30015,59,1020;1,0
1152,30016,59,1024;1,0
1153,30017,59,0;1,0
1154,30018,59,0;1,0
1155,30019,59,0;1,0
1156,30020,59,0;1,0
1157,30021,59,0;1,0
1158,30022,59,0;1,0
1159,30023,59,0;1,0
1160,30024,59,1006;1,0
1161,30025,59,1013;1,0
1162,30026,59,1021;1,0
1163,30027,59,1025;1,0
1164,30028,59,0;1,0
1165,30029,59,0;1,0
1166,30030,59,0;1,0
1167,30031,59,0;1,0
1168,30032,59,0;1,0
1169,30033,59,0;1,0
1170,35001,1,0;1,0
1171,35002,1,0;2,0
1172,35003,1,0;3,0
1173,35004,1,0;4,0
1174,35005,1,0;5,0
1175,35006,1,0;7,0
1176,35007,1,0;9,0
1177,35008,1,0;10,0
1178,35009,1,0;9,0
1179,35010,1,0;10,0
1180,35011,1,0;11,0
1181,35012,1,0;12,0
1182,35013,1,0;13,0
1183,35014,1,0;14,0
1184,35015,1,0;15,0
1185,35016,1,0;16,0
1186,35017,1,0;17,0
1187,35018,1,0;18,0
1188,35019,1,0;19,0
1189,35020,1,0;20,0
1190,35021,1,0;21,0
1191,35022,1,0;22,0
1192,35023,1,0;23,0
1193,35024,1,0;24,0
1194,35025,1,0;25,0
1195,35999,1,0;10,0
